{"name":"9ebc0f11-3eb4-436f-a0ed-3358a630568b","id":"/providers/Microsoft.Flow/flows/9ebc0f11-3eb4-436f-a0ed-3358a630568b","type":"Microsoft.Flow/flows","properties":{"apiId":"/providers/Microsoft.PowerApps/apis/shared_logicflows","displayName":"Set Top Parent on Account","definition":{"$schema":"https://schema.management.azure.com/providers/Microsoft.Logic/schemas/2016-06-01/workflowdefinition.json#","contentVersion":"1.0.0.0","parameters":{"$connections":{"defaultValue":{},"type":"Object"},"$authentication":{"defaultValue":{},"type":"SecureObject"}},"triggers":{"When_a_record_is_created,_updated_or_deleted":{"type":"OpenApiConnectionWebhook","inputs":{"host":{"connectionName":"shared_commondataserviceforapps","operationId":"SubscribeWebhookTrigger","apiId":"/providers/Microsoft.PowerApps/apis/shared_commondataserviceforapps"},"parameters":{"subscriptionRequest/message":4,"subscriptionRequest/entityname":"account","subscriptionRequest/scope":4,"subscriptionRequest/filteringattributes":"parentaccountid"},"authentication":"@parameters('$authentication')"}}},"actions":{"Check_if_record_has_Parent_Account":{"actions":{"Get_Parent_Account":{"runAfter":{},"type":"OpenApiConnection","inputs":{"host":{"connectionName":"shared_commondataserviceforapps","operationId":"GetItem","apiId":"/providers/Microsoft.PowerApps/apis/shared_commondataserviceforapps"},"parameters":{"entityName":"accounts","recordId":"@triggerOutputs()?['body/_parentaccountid_value']","$select":"name,_parentaccountid_value,_jr_topaccount_value"},"authentication":"@parameters('$authentication')"}},"Set_Top_Account":{"runAfter":{"Top_Parent_Id":["Succeeded"]},"type":"OpenApiConnection","inputs":{"host":{"connectionName":"shared_commondataserviceforapps","operationId":"UpdateRecord","apiId":"/providers/Microsoft.PowerApps/apis/shared_commondataserviceforapps"},"parameters":{"entityName":"accounts","recordId":"@triggerOutputs()?['body/accountid']","item/jr_TopAccount@odata.bind":"accounts(@{outputs('Top_Parent_Id')})"},"authentication":"@parameters('$authentication')"}},"Top_Parent_Id":{"runAfter":{"Get_Parent_Account":["Succeeded"]},"type":"Compose","inputs":"@if(empty(outputs('Get_Parent_Account')?['body/_jr_topaccount_value']),triggerOutputs()?['body/_parentaccountid_value'],outputs('Get_Parent_Account')?['body/_jr_topaccount_value'])"},"Get_Accounts_with_current_as_Top_Parent":{"runAfter":{"Set_Top_Account":["Succeeded"]},"type":"OpenApiConnection","inputs":{"host":{"connectionName":"shared_commondataserviceforapps","operationId":"ListRecords","apiId":"/providers/Microsoft.PowerApps/apis/shared_commondataserviceforapps"},"parameters":{"entityName":"accounts","$select":"accountid,name,_parentaccountid_value,_jr_topaccount_value","$filter":"(_jr_topaccount_value eq @{triggerOutputs()?['body/accountid']})"},"authentication":"@parameters('$authentication')"}},"Update_each_child_account":{"foreach":"@outputs('Get_Accounts_with_current_as_Top_Parent')?['body/value']","actions":{"Set_Top_Account_on_child":{"runAfter":{},"type":"OpenApiConnection","inputs":{"host":{"connectionName":"shared_commondataserviceforapps","operationId":"UpdateRecord","apiId":"/providers/Microsoft.PowerApps/apis/shared_commondataserviceforapps"},"parameters":{"entityName":"accounts","recordId":"@items('Update_each_child_account')?['accountid']","item/jr_TopAccount@odata.bind":"accounts(@{outputs('Top_Parent_Id')})"},"authentication":"@parameters('$authentication')"}}},"runAfter":{"Get_Accounts_with_current_as_Top_Parent":["Succeeded"]},"type":"Foreach"}},"runAfter":{},"else":{"actions":{"Exit_if_Account_has_no_Top_Parent":{"actions":{"Terminate":{"runAfter":{},"type":"Terminate","inputs":{"runStatus":"Succeeded"}}},"runAfter":{},"expression":{"equals":["@triggerOutputs()?['body/_jr_topaccount_value']","@null"]},"type":"If"},"Unrelate_Top_Parent_from_Account":{"runAfter":{"Get_the_triggering_Account":["Succeeded"]},"type":"OpenApiConnection","inputs":{"host":{"connectionName":"shared_commondataserviceforapps","operationId":"DisassociateEntities","apiId":"/providers/Microsoft.PowerApps/apis/shared_commondataserviceforapps"},"parameters":{"entityName":"accounts","recordId":"@triggerOutputs()?['body/_jr_topaccount_value']","associationEntityRelationship":"jr_Account_TopAccount","$id":"@outputs('Get_the_triggering_Account')?['body/@odata.id']"},"authentication":"@parameters('$authentication')"}},"Get_the_triggering_Account":{"runAfter":{"Exit_if_Account_has_no_Top_Parent":["Succeeded"]},"type":"OpenApiConnection","inputs":{"host":{"connectionName":"shared_commondataserviceforapps","operationId":"GetItem","apiId":"/providers/Microsoft.PowerApps/apis/shared_commondataserviceforapps"},"parameters":{"entityName":"accounts","recordId":"@triggerOutputs()?['body/accountid']","$select":"accountid"},"authentication":"@parameters('$authentication')"}},"Get_Accounts_with_current_as_Parent":{"runAfter":{"Unrelate_Top_Parent_from_Account":["Succeeded"]},"type":"OpenApiConnection","inputs":{"host":{"connectionName":"shared_commondataserviceforapps","operationId":"ListRecords","apiId":"/providers/Microsoft.PowerApps/apis/shared_commondataserviceforapps"},"parameters":{"entityName":"accounts","$select":"accountid,name,_parentaccountid_value,_jr_topaccount_value","$filter":"(_parentaccountid_value eq @{triggerOutputs()?['body/accountid']})"},"authentication":"@parameters('$authentication')"}},"Update_each_direct_child_account":{"foreach":"@outputs('Get_Accounts_with_current_as_Parent')?['body/value']","actions":{"Set_Top_Account_on_direct_child":{"runAfter":{},"type":"OpenApiConnection","inputs":{"host":{"connectionName":"shared_commondataserviceforapps","operationId":"UpdateRecord","apiId":"/providers/Microsoft.PowerApps/apis/shared_commondataserviceforapps"},"parameters":{"entityName":"accounts","recordId":"@items('Update_each_direct_child_account')?['accountid']","item/jr_TopAccount@odata.bind":"accounts(@{triggerOutputs()?['body/accountid']})"},"authentication":"@parameters('$authentication')"}}},"runAfter":{"Get_Accounts_with_current_as_Parent":["Succeeded"]},"type":"Foreach"}}},"expression":{"not":{"equals":["@triggerOutputs()?['body/_parentaccountid_value']","@null"]}},"type":"If"}},"outputs":{}},"connectionReferences":{"shared_commondataserviceforapps":{"source":"Embedded","id":"/providers/Microsoft.PowerApps/apis/shared_commondataserviceforapps","tier":"NotSpecified"}},"flowFailureAlertSubscribed":false}}